,car_ID,symboling,CarName,fueltype,aspiration,doornumber,carbody,drivewheel,enginelocation,wheelbase,carlength,carwidth,carheight,curbweight,enginetype,cylindernumber,enginesize,fuelsystem,boreratio,stroke,compressionratio,horsepower,peakrpm,citympg,highwaympg,price,brand_tier,carvolume
0,-1.7236222864675912,3,alfa-romero,gas,std,two,convertible,rwd,front,-1.6907718018201774,-0.42652146835701304,-0.8447823517277104,-2.0204173044647122,-0.014566282137926123,dohc,four,0.0744489251157203,mpfi,0.5190713849456007,-1.839377336831407,-0.2883489098618655,0.17448277916253407,-0.2629602160773477,-0.6465530277621856,-0.5460587369032711,0.027391143211685648,med,528019.904
1,-1.7067240287571246,3,alfa-romero,gas,std,two,convertible,rwd,front,-1.6907718018201774,-0.42652146835701304,-0.8447823517277104,-2.0204173044647122,-0.014566282137926123,dohc,four,0.0744489251157203,mpfi,0.5190713849456007,-1.839377336831407,-0.2883489098618655,0.17448277916253407,-0.2629602160773477,-0.6465530277621856,-0.5460587369032711,0.4044610985779153,med,528019.904
2,-1.689825771046658,1,alfa-romero,gas,std,two,hatchback,rwd,front,-0.7085958764076113,-0.23151304680543727,-0.19056612143668694,-0.5435274761218468,0.5148819161377617,ohcv,six,0.6040461684467903,mpfi,-2.404880294774036,0.6859461601154123,-0.2883489098618655,1.2645364278639772,-0.2629602160773477,-0.9530116883199847,-0.6916270607851575,0.4044610985779153,med,587592.6399999999
3,-1.6729275133361914,2,audi,gas,std,four,sedan,fwd,front,0.17369775150537034,0.2072559016856128,0.1365419937088248,0.23594215550355344,-0.4207974451785447,ohc,four,-0.43107571624575564,mpfi,-0.5172659192588284,0.4621833186137945,-0.035972825318776304,-0.05366798451916333,0.7878554622044521,-0.18686503692548712,-0.10935376525761202,0.08448493013069878,med,634816.956
4,-1.6560292556257248,2,audi,gas,std,four,sedan,4wd,front,0.1071095531723165,0.2072559016856128,0.23000145517897197,0.23594215550355344,0.5168071823133096,ohc,five,0.21888453693328483,mpfi,-0.5172659192588284,0.4621833186137945,-0.5407249944049548,0.2758831185766218,0.7878554622044521,-1.1062410185988842,-1.273900356312703,0.5236679064307999,med,636734.8319999999
5,-1.6391309979152584,2,audi,gas,std,two,sedan,fwd,front,0.17369775150537034,0.26413335797149096,0.18327172444389506,-0.2563544539440664,-0.0935021953353923,ohc,five,0.21888453693328483,mpfi,-0.5172659192588284,0.4621833186137945,-0.41453695213341013,0.14913269430901213,0.7878554622044521,-0.9530116883199847,-0.8371953846670438,0.24761003561359346,med,624189.969
6,-1.6222327402047918,1,audi,gas,std,four,sedan,fwd,front,1.1725207265011992,1.5154373962607788,2.566487991932618,0.8102881998591143,0.5553125058242687,ohc,five,0.21888453693328483,mpfi,-0.5172659192588284,0.4621833186137945,-0.41453695213341013,0.14913269430901213,0.7878554622044521,-0.9530116883199847,-0.8371953846670438,0.5562929275273788,med,766364.0460000001
7,-1.6053344824943252,1,audi,gas,std,four,wagon,fwd,front,1.1725207265011992,1.5154373962607788,2.566487991932618,0.8102881998591143,0.7670917851345438,ohc,five,0.21888453693328483,mpfi,-0.5172659192588284,0.4621833186137945,-0.41453695213341013,0.14913269430901213,0.7878554622044521,-0.9530116883199847,-0.8371953846670438,0.7081247564768423,med,766364.0460000001
8,-1.5884362247838586,1,audi,gas,turbo,four,sedan,fwd,front,1.1725207265011992,1.5154373962607788,2.566487991932618,0.8923376347670494,1.021226920306874,ohc,five,0.09852152708531438,mpfi,-0.7393381987312061,0.4621833186137945,-0.4650121690420278,0.9096352399146702,0.7878554622044521,-1.2594703488777836,-1.5650370040764756,1.3298823700674138,med,769115.802
9,-1.571537967073392,0,audi,gas,turbo,two,hatchback,4wd,front,0.12375660275557937,0.3372615160533307,0.9309474162050657,-0.7076263459377201,0.9576931365137914,ohc,five,0.09852152708531438,mpfi,-0.7393381987312061,0.4621833186137945,-0.7931010789480439,1.4166369369851088,0.7878554622044521,-1.4126996791566833,-1.273900356312703,0.5750105295347381,med,629188.56
10,-1.5546397093629254,2,bmw,gas,std,two,sedan,rwd,front,0.40675644567106467,0.22350660348157897,-0.5176742365821987,0.23594215550355344,-0.3091320069967633,ohc,four,-0.45514831821534973,mpfi,0.6301075246817887,-1.4557838942572077,-0.3388241267704832,-0.07901806937268527,1.4183448691735319,-0.3400943672043866,-0.2549220891394984,0.39567743905191327,high,622095.5519999999
11,-1.5377414516524588,0,bmw,gas,std,four,sedan,rwd,front,0.40675644567106467,0.22350660348157897,-0.5176742365821987,0.23594215550355344,-0.3091320069967633,ohc,four,-0.45514831821534973,mpfi,0.6301075246817887,-1.4557838942572077,-0.3388241267704832,-0.07901806937268527,1.4183448691735319,-0.3400943672043866,-0.2549220891394984,0.45779045998578466,high,622095.5519999999
12,-1.5208431939419922,0,bmw,gas,std,two,sedan,rwd,front,0.40675644567106467,0.22350660348157897,-0.5176742365821987,0.23594215550355344,0.29732683830084267,ohc,six,0.8929173920819194,mpfi,-0.07312136031407311,-0.20910520589105608,-0.2883489098618655,0.42798362769775344,-1.8391837335000474,-0.6465530277621856,-0.4004904130213847,0.96536049973833,high,622095.5519999999
13,-1.5039449362315256,0,bmw,gas,std,four,sedan,rwd,front,0.40675644567106467,0.22350660348157897,-0.5176742365821987,0.23594215550355344,0.4032164779559802,ohc,six,0.8929173920819194,mpfi,-0.07312136031407311,-0.20910520589105608,-0.2883489098618655,0.42798362769775344,-1.8391837335000474,-0.6465530277621856,-0.4004904130213847,0.9823004145384768,high,622095.5519999999
14,-1.487046678521059,1,bmw,gas,std,four,sedan,rwd,front,0.7896385860861319,1.214799413035431,0.46365010885433655,0.8102881998591143,0.9615436688648873,ohc,six,0.8929173920819194,mpfi,-0.07312136031407311,-0.20910520589105608,-0.2883489098618655,0.42798362769775344,-1.8391837335000474,-0.7997823580410852,-0.8371953846670438,1.4164641568237195,high,704276.3700000001
15,-1.4701484208105924,0,bmw,gas,std,four,sedan,rwd,front,0.7896385860861319,1.214799413035431,0.46365010885433655,0.8102881998591143,1.2984652495857796,ohc,six,1.9761844807136535,mpfi,1.074252083626544,0.43021719839927847,-0.5407249944049548,1.9743388037625915,0.5776923265480921,-1.4126996791566833,-1.273900356312703,2.1938180248748984,high,704276.3700000001
16,-1.453250163100126,0,bmw,gas,std,two,sedan,rwd,front,0.7896385860861319,1.604816256138587,0.9309474162050657,-0.010206149220255032,1.587255175917973,ohc,six,1.9761844807136535,mpfi,1.074252083626544,0.43021719839927847,-0.5407249944049548,1.9743388037625915,0.5776923265480921,-1.4126996791566833,-1.273900356312703,3.5182684005456317,high,706639.3740000002
17,-1.4363519053896594,0,bmw,gas,std,four,sedan,rwd,front,1.87169680899828,1.864827484874023,2.332839338257253,1.0564365045829227,1.8279134478614674,ohc,six,1.9761844807136535,mpfi,1.074252083626544,0.43021719839927847,-0.5407249944049548,1.9743388037625915,0.5776923265480921,-1.5659290094355827,-1.5650370040764756,2.961760829148218,high,786358.99
18,-1.4194536476791928,2,chevrolet,gas,std,two,hatchback,fwd,front,-1.724065900986703,-2.677243667098139,-2.62051211966048,-0.21532973649009735,-2.055348428218759,l,three,-1.586560610786272,2bbl,-1.5536032234632557,-0.7205631293233238,-0.16216086759032092,-1.4225725666093478,-0.052797080420987755,3.3374095594892017,3.238717684025774,-1.0196210722877552,low,452643.156
19,-1.4025553899687262,1,chevrolet,gas,std,two,hatchback,fwd,front,-0.7085958764076113,-1.4746917341967432,-1.0784310054030717,-0.7076263459377201,-1.3121956844572482,ohc,four,-0.8884551536680434,2bbl,-1.1094586645185023,-0.46483416760718993,-0.13692325913601208,-0.8648706998318653,0.5776923265480921,1.958345586979106,1.7830344452069105,-0.876070979462808,low,515592.48
20,-1.3856571322582596,0,chevrolet,gas,std,four,sedan,fwd,front,-0.7085958764076113,-1.239056558155253,-1.0784310054030717,-0.7076263459377201,-1.2448113683130697,ohc,four,-0.8884551536680434,2bbl,-1.1094586645185023,-0.46483416760718993,-0.13692325913601208,-0.8648706998318653,0.5776923265480921,1.958345586979106,1.7830344452069105,-0.8409363413587999,low,525183.36
21,-1.368758874547793,1,dodge,gas,std,two,hatchback,fwd,front,-0.8417722730737214,-1.360936821624989,-0.9849715439329279,-1.1999229553853428,-1.3083451521061522,ohc,four,-0.8884551536680434,2bbl,-1.3315309439908782,-0.08124072503298917,-0.1848747151991989,-0.9155708695389091,0.7878554622044521,1.8051162567002066,1.4918977974431378,-0.9667936342813717,low,509815.59199999995
22,-1.3518606168373264,1,dodge,gas,std,two,hatchback,fwd,front,-0.8417722730737214,-1.360936821624989,-0.9849715439329279,-1.1999229553853428,-1.3083451521061522,ohc,four,-0.8884551536680434,2bbl,-1.3315309439908782,-0.08124072503298917,-0.18739847604462975,-0.9155708695389091,0.7878554622044521,0.8857402750268095,1.0551928257974788,-0.8657815497323484,low,509815.59199999995
23,-1.3349623591268598,1,dodge,gas,turbo,two,hatchback,fwd,front,-0.8417722730737214,-1.360936821624989,-0.9849715439329279,-1.1999229553853428,-0.8231780758680675,ohc,four,-0.6958743379112906,mpfi,-1.1094586645185023,0.43021719839927847,-0.6416754282221906,-0.05366798451916333,0.7878554622044521,-0.18686503692548712,-0.10935376525761202,-0.6675218061454457,low,509815.59199999995
24,-1.3180641014163932,1,dodge,gas,std,four,hatchback,fwd,front,-0.8417722730737214,-1.360936821624989,-0.9849715439329279,-1.281972390293278,-1.1331459301312883,ohc,four,-0.8884551536680434,2bbl,-1.3315309439908782,-0.08124072503298917,-0.18739847604462975,-0.9155708695389091,0.7878554622044521,0.8857402750268095,1.0551928257974788,-0.8843527155873242,low,507808.444
25,-1.3011658437059266,1,dodge,gas,std,four,sedan,fwd,front,-0.8417722730737214,-1.360936821624989,-0.9849715439329279,-1.281972390293278,-1.0907900742692331,ohc,four,-0.8884551536680434,2bbl,-1.3315309439908782,-0.08124072503298917,-0.18739847604462975,-0.9155708695389091,0.7878554622044521,0.8857402750268095,1.0551928257974788,-0.8262550818653394,low,507808.444
26,-1.2842675859954602,1,dodge,gas,std,four,sedan,fwd,front,-0.8417722730737214,-1.360936821624989,-0.9849715439329279,-1.281972390293278,-1.0907900742692331,ohc,four,-0.8884551536680434,2bbl,-1.3315309439908782,-0.08124072503298917,-0.18739847604462975,-0.9155708695389091,0.7878554622044521,0.8857402750268095,1.0551928257974788,-0.7111891420747128,low,507808.444
27,-1.2673693282849936,1,dodge,gas,turbo,two,sedan,fwd,front,-0.8417722730737214,-1.360936821624989,-0.9849715439329279,-1.281972390293278,-0.7018863068085462,ohc,four,-0.6958743379112906,mpfi,-1.1094586645185023,0.43021719839927847,-0.6416754282221906,-0.05366798451916333,0.7878554622044521,-0.18686503692548712,-0.10935376525761202,-0.5921078150721998,low,507808.444
28,-1.250471070574527,-1,dodge,gas,std,four,wagon,fwd,front,0.7563444869196039,0.04474888372596479,-0.6111336980523459,2.492301615471819,-0.039594742420049546,ohc,four,-0.11813189064103245,2bbl,0.0379147794221149,0.6539800399008949,-0.41453695213341013,-0.4085691724684704,-0.2629602160773477,-0.18686503692548712,-0.10935376525761202,-0.5465582663873607,low,674493.7679999998
29,-1.2335728128640604,3,dodge,gas,turbo,two,hatchback,fwd,front,-0.475537182241917,-0.06900602884578928,0.18327172444389506,-1.4460712601091512,0.49177872203118617,ohc,four,0.7003365763251667,mfi,1.0002279904690847,2.0604893293396294,-0.7931010789480439,1.03638566418228,-0.2629602160773477,-0.9530116883199847,-0.9827637085489301,-0.039239188335558256,low,576454.632
30,-1.2166745551535938,2,honda,gas,std,two,hatchback,fwd,front,-2.0237127934854535,-2.3928563856687552,-0.9382418131978543,-1.1999229553853428,-1.622163538720469,ohc,four,-0.8403099497288552,1bbl,-1.5536032234632557,0.4941494388283119,-0.13692325913601208,-1.1690717180741284,-0.6832864873900676,3.643868220047001,3.3842860079076607,-0.8529825029944598,low,469388.95199999993
31,-1.1997762974431272,2,honda,gas,std,two,hatchback,fwd,front,-2.0237127934854535,-2.3928563856687552,-0.9382418131978543,-1.1999229553853428,-1.4180853241123856,ohc,four,-0.8403099497288552,1bbl,-1.5536032234632557,0.4941494388283119,-0.23787369295324787,-0.7127701907107337,1.838671140486252,0.8857402750268095,1.0551928257974788,-0.8058017032547918,low,469388.95199999993
32,-1.1828780397326606,1,honda,gas,std,two,hatchback,fwd,front,-0.8417722730737214,-1.9540874371777053,-0.8915120824627807,-0.46147804121390873,-1.3834305329525225,ohc,four,-1.1532537753335783,1bbl,-1.5536032234632557,-0.5926986484652568,-0.010735216864467472,-1.1183715483670846,0.7878554622044521,1.958345586979106,1.6374661213250241,-0.9885018213956338,low,504960.0
33,-1.165979782022194,1,honda,gas,std,two,hatchback,fwd,front,-0.8417722730737214,-1.9540874371777053,-0.8915120824627807,-0.46147804121390873,-1.185128116871083,ohc,four,-0.8403099497288552,1bbl,-1.5536032234632557,0.4941494388283119,-0.23787369295324787,-0.7127701907107337,1.838671140486252,0.73251094474791,0.4729195302699334,-0.8467084604758869,low,504960.0
34,-1.1490815243117274,1,honda,gas,std,two,hatchback,fwd,front,-0.8417722730737214,-1.9540874371777053,-0.8915120824627807,-0.46147804121390873,-1.1543238580623159,ohc,four,-0.8403099497288552,1bbl,-1.5536032234632557,0.4941494388283119,-0.23787369295324787,-0.7127701907107337,1.838671140486252,0.73251094474791,0.4729195302699334,-0.7714199502530125,low,504960.0
35,-1.1321832666012608,0,honda,gas,std,four,sedan,fwd,front,-0.37565488474233505,-0.8652904168480631,-0.8915120824627807,0.3179915904114915,-1.0503594845827262,ohc,four,-0.8403099497288552,1bbl,-1.5536032234632557,0.4941494388283119,-0.23787369295324787,-0.7127701907107337,1.838671140486252,0.73251094474791,0.4729195302699334,-0.7505901290913505,low,569939.2000000001
36,-1.1152850088907944,0,honda,gas,std,four,wagon,fwd,front,-0.37565488474233505,-1.3771875234209552,-0.9382418131978543,1.876930853662292,-1.0234057581250549,ohc,four,-0.8403099497288552,1bbl,-1.516591176884527,0.4941494388283119,-0.23787369295324787,-0.7127701907107337,1.838671140486252,0.73251094474791,0.4729195302699334,-0.7505901290913505,low,585255.6269999999
37,-1.0983867511803278,0,honda,gas,std,two,hatchback,fwd,front,-0.37565488474233505,-0.5321510300307851,-0.33075531364190436,-0.17430501903613121,-0.6152493289088883,ohc,four,-0.40700311427616154,1bbl,-0.6653141055737468,1.0375734824750955,-0.2883489098618655,-0.4592693421755143,1.4183448691735319,0.2728229539112114,0.32735120638804704,-0.6753016188684761,low,582089.2999999999
38,-1.0814884934698612,0,honda,gas,std,two,hatchback,fwd,front,-0.37565488474233505,-0.5321510300307851,-0.33075531364190436,-0.17430501903613121,-0.5132102216048466,ohc,four,-0.40700311427616154,1bbl,-0.6653141055737468,1.0375734824750955,-0.2883489098618655,-0.4592693421755143,1.4183448691735319,0.2728229539112114,0.32735120638804704,-0.5247245984227271,low,582089.2999999999
39,-1.0645902357593946,0,honda,gas,std,four,sedan,fwd,front,-0.37565488474233505,0.10975169090982491,-0.33075531364190436,0.15389272059561823,-0.4843312289716273,ohc,four,-0.40700311427616154,1bbl,-0.6653141055737468,1.0375734824750955,-0.2883489098618655,-0.4592693421755143,1.4183448691735319,0.2728229539112114,0.32735120638804704,-0.5560948110155914,low,618691.9280000001
40,-1.047691978048928,0,honda,gas,std,four,sedan,fwd,front,-0.37565488474233505,0.10975169090982491,-1.5924580434888744,0.15389272059561823,-0.3534131290343663,ohc,four,-0.40700311427616154,1bbl,-0.6653141055737468,1.0375734824750955,-0.2883489098618655,-0.4592693421755143,1.4183448691735319,0.2728229539112114,0.32735120638804704,-0.3741475779769782,low,593071.25
41,-1.0307937203384614,0,honda,gas,std,four,sedan,fwd,front,-0.37565488474233505,0.10975169090982491,-0.33075531364190436,0.15389272059561823,-0.17436337470840643,ohc,four,-0.40700311427616154,mpfi,-0.6653141055737468,1.0375734824750955,-0.2883489098618655,-0.07901806937268527,1.4183448691735319,-0.18686503692548712,-0.4004904130213847,-0.041623324492615944,low,618691.9280000001
42,-1.0138954626279948,1,honda,gas,std,two,sedan,fwd,front,-0.37565488474233505,-0.4021454156630672,0.04308253223867764,-1.1178735204774048,-0.5055091569026547,ohc,four,-0.40700311427616154,2bbl,-0.6653141055737468,1.0375734824750955,-0.2631113014075567,-0.1043681542262072,0.7878554622044521,-0.03363570664658759,0.03621455862427433,-0.3678735354584053,low,569190.6
43,-0.9969972049175282,0,isuzu,gas,std,four,sedan,rwd,front,-0.7418899755741394,-0.27213980129534926,-1.9195661586343862,-0.09225558412819312,-0.4207974451785447,ohc,four,-0.38293051230656744,2bbl,-0.07312136031407311,-0.08124072503298917,-0.41453695213341013,-0.6620700210036897,-0.6832864873900676,-0.18686503692548712,-0.2549220891394984,-0.8145853627807939,low,564385.4099999999
44,-0.9800989472070617,1,isuzu,gas,std,two,sedan,fwd,front,-0.7085958764076113,-1.4746917341967432,-1.0784310054030717,-0.7076263459377201,-1.3121956844572482,ohc,four,-0.8884551536680434,2bbl,-1.1094586645185023,-0.46483416760718993,-0.13692325913601208,-0.8648706998318653,0.5776923265480921,1.958345586979106,1.7830344452069105,-0.5471229302140322,low,515592.48
45,-0.9632006894965951,0,isuzu,gas,std,four,sedan,fwd,front,-0.7085958764076113,-1.4746917341967432,-1.0784310054030717,-0.7076263459377201,-1.2448113683130697,ohc,four,-0.8884551536680434,2bbl,-1.1094586645185023,-0.46483416760718993,-0.13692325913601208,-0.8648706998318653,0.5776923265480921,1.958345586979106,1.7830344452069105,-0.5471229302140322,low,515592.48
46,-0.9463024317861285,2,isuzu,gas,std,two,hatchback,rwd,front,-0.45889013265865414,-0.11775813423368321,-0.33075531364190436,-0.9537746506615314,0.3435332265139936,ohc,four,-0.19034969654981473,spfi,0.3710231986306822,-0.08124072503298917,-0.23787369295324787,-0.3578690027614265,-0.2629602160773477,-0.18686503692548712,-0.2549220891394984,-0.27966049764727074,low,578430.928
47,-0.9294041740756619,0,jaguar,gas,std,four,sedan,rwd,front,2.3711082964961943,2.0760866082215648,1.7253528387013,-0.3794286063059735,2.9079877723438705,dohc,six,3.155741977223764,mpfi,1.1112641302052728,2.9235745751315805,-0.5154873859506459,1.8222382946414597,-0.7883680552182476,-1.5659290094355827,-1.710605327958362,2.38078449192837,high,733506.0479999998
48,-0.9125059163651953,0,jaguar,gas,std,four,sedan,rwd,front,2.3711082964961943,2.0760866082215648,1.7253528387013,-0.3794286063059735,2.9079877723438705,dohc,six,3.155741977223764,mpfi,1.1112641302052728,2.9235745751315805,-0.5154873859506459,1.8222382946414597,-0.7883680552182476,-1.5659290094355827,-1.710605327958362,2.7948712981541797,high,733506.0479999998
49,-0.8956076586547288,0,jaguar,gas,std,two,sedan,rwd,front,0.5399328423371748,1.4341838872809547,2.192650146052029,-2.4306644790043967,2.6846568959803077,ohcv,twelve,4.7926789111561625,mpfi,0.7781557109967071,-1.5836483751152748,0.34259130149585754,4.002345592044346,-0.2629602160773477,-1.8723876699933817,-2.0017419757221346,2.8513376808213353,high,646926.1559999998
50,-0.8787094009442622,1,mazda,gas,std,two,hatchback,fwd,front,-0.9416545705733057,-1.2146805054613072,-0.7980526209926335,0.15389272059561823,-1.2813914256484809,ohc,four,-0.8643825516984494,2bbl,-1.1094586645185023,-0.336969686749123,-0.2883489098618655,-0.9155708695389091,-0.2629602160773477,0.73251094474791,0.03621455862427433,-1.0140999148714112,low,552589.302
51,-0.8618111432337956,1,mazda,gas,std,two,hatchback,fwd,front,-0.9416545705733057,-1.2146805054613072,-0.7980526209926335,0.15389272059561823,-1.2621387638930013,ohc,four,-0.8643825516984494,2bbl,-1.1094586645185023,-0.336969686749123,-0.2883489098618655,-0.9155708695389091,-0.2629602160773477,0.8857402750268095,1.0551928257974788,-0.9011671495370994,low,552589.302
52,-0.844912885523329,1,mazda,gas,std,two,hatchback,fwd,front,-0.9416545705733057,-1.2146805054613072,-0.7980526209926335,0.15389272059561823,-1.2525124330152615,ohc,four,-0.8643825516984494,2bbl,-1.1094586645185023,-0.336969686749123,-0.2883489098618655,-0.9155708695389091,-0.2629602160773477,0.8857402750268095,1.0551928257974788,-0.8133305542770792,low,552589.302
53,-0.8280146278128624,1,mazda,gas,std,four,sedan,fwd,front,-0.9416545705733057,-0.589028486316661,-0.7980526209926335,0.15389272059561823,-1.1755017859933432,ohc,four,-0.8643825516984494,2bbl,-1.1094586645185023,-0.336969686749123,-0.2883489098618655,-0.9155708695389091,-0.2629602160773477,0.8857402750268095,1.0551928257974788,-0.825878639314225,low,579333.0960000001
54,-0.8111163701023959,1,mazda,gas,std,four,sedan,fwd,front,-0.9416545705733057,-0.589028486316661,-0.7980526209926335,0.15389272059561823,-1.1658754551156034,ohc,four,-0.8643825516984494,2bbl,-0.9243984316248534,-0.336969686749123,-0.2883489098618655,-0.9155708695389091,-0.2629602160773477,0.8857402750268095,1.0551928257974788,-0.7380420440542048,low,579333.0960000001
55,-0.7942181123919293,3,mazda,gas,std,two,hatchback,rwd,front,-0.5754194797415013,-0.41027076656104916,-0.09710665996653978,-1.6922195648329628,-0.33801099962998266,rotor,two,-1.3699071930599251,4bbl,0.0009027328433861145,-0.0013254244966976996,-0.18739847604462975,-0.07901806937268527,1.838671140486252,-1.2594703488777836,-1.1283320324308166,-0.2925850252355308,low,550723.68
56,-0.7773198546814627,3,mazda,gas,std,two,hatchback,rwd,front,-0.5754194797415013,-0.41027076656104916,-0.09710665996653978,-1.6922195648329628,-0.33801099962998266,rotor,two,-1.3699071930599251,4bbl,0.0009027328433861145,-0.0013254244966976996,-0.18739847604462975,-0.07901806937268527,1.838671140486252,-1.2594703488777836,-1.1283320324308166,-0.17965225990121914,low,550723.68
57,-0.7604215969709961,3,mazda,gas,std,two,hatchback,rwd,front,-0.5754194797415013,-0.41027076656104916,-0.09710665996653978,-1.6922195648329628,-0.32838466875224287,rotor,two,-1.3699071930599251,4bbl,0.0009027328433861145,-0.0013254244966976996,-0.18739847604462975,-0.07901806937268527,1.838671140486252,-1.2594703488777836,-1.1283320324308166,0.046213270767404266,low,550723.68
58,-0.7435233392605295,3,mazda,gas,std,two,hatchback,rwd,front,-0.5754194797415013,-0.41027076656104916,-0.09710665996653978,-1.6922195648329628,-0.10697905856422799,rotor,two,-1.1291811733639843,mpfi,0.0009027328433861145,-0.0013254244966976996,-0.18739847604462975,0.7828848156470605,1.838671140486252,-1.4126996791566833,-1.1283320324308166,0.29717497151031913,low,550723.68
59,-0.726625081550063,1,mazda,gas,std,two,hatchback,fwd,front,0.007227255672732204,0.304760112461403,0.2767311859140422,-0.010206149220255032,-0.32838466875224287,ohc,four,-0.11813189064103245,2bbl,0.22297501231576378,0.43021719839927847,-0.3892993436791013,-0.5099695118825581,-0.6832864873900676,0.11959362363231192,0.18178288250616068,-0.5560948110155914,low,634932.6900000001
60,-0.7097268238395964,0,mazda,gas,std,four,sedan,fwd,front,0.007227255672732204,0.304760112461403,0.2767311859140422,0.7282387649511761,-0.280253014363544,ohc,four,-0.11813189064103245,2bbl,0.22297501231576378,0.43021719839927847,-0.3892993436791013,-0.5099695118825581,-0.6832864873900676,0.11959362363231192,0.18178288250616068,-0.6000131086456015,low,656215.3500000001
61,-0.6928285661291298,1,mazda,gas,std,two,hatchback,fwd,front,0.007227255672732204,0.304760112461403,0.2767311859140422,-0.010206149220255032,-0.32838466875224287,ohc,four,-0.11813189064103245,2bbl,0.22297501231576378,0.43021719839927847,-0.3892993436791013,-0.5099695118825581,-0.6832864873900676,0.11959362363231192,0.18178288250616068,-0.33650332286554097,low,634932.6900000001
62,-0.6759303084186632,0,mazda,gas,std,four,sedan,fwd,front,0.007227255672732204,0.304760112461403,0.2767311859140422,0.7282387649511761,-0.280253014363544,ohc,four,-0.11813189064103245,2bbl,0.22297501231576378,0.43021719839927847,-0.3892993436791013,-0.5099695118825581,-0.6832864873900676,0.11959362363231192,0.18178288250616068,-0.38042162049555106,low,656215.3500000001
63,-0.6590320507081966,0,mazda,diesel,std,four,sedan,fwd,front,0.007227255672732204,0.304760112461403,0.2767311859140422,0.7282387649511761,-0.21671923057046144,ohc,four,-0.11813189064103245,idi,0.22297501231576378,0.43021719839927847,3.1692034483784566,-1.0169712089529968,-0.9985311908746076,1.651886926421307,1.6374661213250241,-0.3114071527912495,low,656215.3500000001
64,-0.6421337929977301,0,mazda,gas,std,four,hatchback,fwd,front,0.007227255672732204,0.304760112461403,0.2767311859140422,0.7282387649511761,-0.25137402173032464,ohc,four,-0.11813189064103245,2bbl,0.22297501231576378,0.43021719839927847,-0.3892993436791013,-0.5099695118825581,-0.6832864873900676,0.11959362363231192,0.18178288250616068,-0.2549407701240936,low,656215.3500000001
65,-0.6252355352872635,0,mazda,gas,std,four,sedan,rwd,front,1.0226972802518264,0.07725028731789485,0.0898122629737479,0.2769668729575225,0.22031619127892443,ohc,four,0.3151749448116612,mpfi,1.5924207357287568,-0.30500356653460553,-0.5407249944049548,0.4026335428442315,-0.2629602160773477,-0.9530116883199847,-0.5460587369032711,0.6278170122391096,low,629271.9999999999
66,-0.6083372775767969,0,mazda,diesel,std,four,sedan,rwd,front,1.0226972802518264,0.07725028731789485,0.0898122629737479,0.2769668729575225,0.2780741765453631,ohc,four,0.17073933299409666,idi,0.3710231986306822,1.229370203762196,2.9925401891982943,-0.8141705301248213,-1.9442653013282274,0.8857402750268095,1.200761149679365,0.6358477866628828,low,629271.9999999999
67,-0.5914390198663303,-1,buick,diesel,turbo,four,sedan,rwd,front,1.87169680899828,1.369181080097097,2.0524609538468117,1.1384859394908609,1.847166109616947,ohc,five,1.3502968295042073,idi,0.9262038973116256,1.229370203762196,2.86635214692675,0.4786837974047973,-1.6290205978436874,-0.49332369748328614,-0.8371953846670438,1.5403137561403482,high,758245.255
68,-0.5745407621558637,-1,buick,diesel,turbo,four,wagon,rwd,front,1.87169680899828,1.369181080097097,2.0524609538468117,2.041029723478168,2.299603660870716,ohc,five,1.3502968295042073,idi,0.9262038973116256,1.229370203762196,2.86635214692675,0.4786837974047973,-1.6290205978436874,-0.49332369748328614,-0.8371953846670438,1.8786101287417973,high,787769.849
69,-0.5576425044453972,0,buick,diesel,turbo,two,hardtop,rwd,front,1.3223441727505745,1.092919149565695,2.0524609538468117,0.4820904602273648,1.8086607861059878,ohc,five,1.3502968295042073,idi,0.9262038973116256,1.229370203762196,2.86635214692675,0.4786837974047973,-1.6290205978436874,-0.49332369748328614,-0.8371953846670438,1.8695755075150524,high,723650.625
70,-0.5407442467349306,-1,buick,diesel,turbo,four,sedan,rwd,front,2.8039315856610525,2.319847135161037,2.706677184137835,1.0564365045829227,2.3381089843816754,ohc,five,1.3502968295042073,idi,0.9262038973116256,1.229370203762196,2.86635214692675,0.4786837974047973,-1.6290205978436874,-0.49332369748328614,-0.8371953846670438,2.2992219391869226,high,817837.446
71,-0.523845989024464,-1,buick,gas,std,four,sedan,rwd,front,2.8039315856610525,2.319847135161037,2.706677184137835,1.1384859394908609,2.2803509991152366,ohcv,eight,2.5779995299535057,mpfi,0.4820593383668702,-0.49680028782170593,-0.4650121690420278,1.2898865127174992,-0.7883680552182476,-1.4126996791566833,-1.8561736518402483,2.6234644565467686,high,820742.73
72,-0.5069477313139974,3,buick,gas,std,two,convertible,rwd,front,-0.3590078351590722,0.507893884910963,2.145920415316959,-1.1999229553853428,2.1744613594600994,ohcv,eight,2.5779995299535057,mpfi,0.4820593383668702,-0.49680028782170593,-0.4650121690420278,1.2898865127174992,-0.7883680552182476,-1.4126996791566833,-1.8561736518402483,2.7328837580706797,high,645726.42
73,-0.49004947360353085,0,buick,gas,std,four,sedan,rwd,front,3.6862252135740365,2.766741434550069,2.706677184137835,1.220535374398799,2.58839358720291,ohcv,eight,4.359372075703469,mpfi,1.7404689220436753,0.30235271754121157,-0.5407249944049548,2.0250389734696355,-1.3137758943591475,-1.7191583397144823,-2.1473102996040208,3.4737226986637646,high,846007.6590000001
74,-0.47315121589306425,1,buick,gas,std,two,hardtop,rwd,front,2.2046378006635563,2.0435852046296348,2.8468663763430526,0.6872140474972072,2.2322193447265377,ohcv,eight,4.263081667825093,mpfi,1.7404689220436753,0.30235271754121157,-0.5407249944049548,2.0250389734696355,-1.3137758943591475,-1.7191583397144823,-2.1473102996040208,4.030857674313036,high,794568.96
75,-0.45625295818259765,1,mercury,gas,turbo,two,hatchback,rwd,front,0.6564621894200219,0.35351221784929693,0.977677146940136,0.4410657427733958,0.6823800734104337,ohc,four,0.3151749448116612,mpfi,1.6664448288862161,-0.4328680473926725,-0.5407249944049548,1.796888209787938,-0.2629602160773477,-0.9530116883199847,-0.9827637085489301,0.40483754112902964,med,664789.76
76,-0.4393547004721311,2,mitsubishi,gas,std,two,hatchback,fwd,front,-0.8417722730737214,-1.360936821624989,-0.7045931595224864,-1.1999229553853428,-1.2274839727331381,ohc,four,-0.8403099497288552,2bbl,-1.3315309439908782,-0.08124072503298917,-0.18739847604462975,-0.9155708695389091,0.7878554622044521,1.8051162567002066,1.4918977974431378,-0.9897566298993484,low,514610.096
77,-0.4224564427616645,2,mitsubishi,gas,std,two,hatchback,fwd,front,-0.8417722730737214,-1.360936821624989,-0.7045931595224864,-1.1999229553853428,-1.1774270521688912,ohc,four,-0.8403099497288552,2bbl,-1.3315309439908782,-0.08124072503298917,-0.18739847604462975,-0.9155708695389091,0.7878554622044521,0.8857402750268095,1.0551928257974788,-0.8893719496021825,low,514610.096
78,-0.40555818505119795,2,mitsubishi,gas,std,two,hatchback,fwd,front,-0.8417722730737214,-1.360936821624989,-0.7045931595224864,-1.1999229553853428,-1.061911081636014,ohc,four,-0.8403099497288552,2bbl,-1.3315309439908782,-0.08124072503298917,-0.18739847604462975,-0.9155708695389091,0.7878554622044521,0.8857402750268095,1.0551928257974788,-0.8291411414238828,low,514610.096
79,-0.38865992734073135,1,mitsubishi,gas,turbo,two,hatchback,fwd,front,-0.9583016201565685,-1.360936821624989,-0.9849715439329279,-1.1999229553853428,-0.7904485508837522,ohc,four,-0.6958743379112906,spdi,-1.1094586645185023,0.43021719839927847,-0.6416754282221906,-0.05366798451916333,0.7878554622044521,-0.18686503692548712,-0.10935376525761202,-0.7011506740449963,low,509815.59199999995
80,-0.37176166963026475,3,mitsubishi,gas,turbo,two,hatchback,fwd,front,-0.40894898390886314,-0.08525673064175315,-0.2372958521717572,-1.7742689997409007,-0.3572636613854622,ohc,four,-0.40700311427616154,spdi,-0.5912900124162876,0.6539800399008949,-0.6669130366764994,0.30123320343014376,0.7878554622044521,-0.3400943672043866,-0.10935376525761202,-0.4163091437017879,low,558921.48
81,-0.3548634119197982,3,mitsubishi,gas,std,two,hatchback,fwd,front,-0.40894898390886314,-0.08525673064175315,-0.2372958521717572,-1.7742689997409007,-0.43812484075847635,ohc,four,-0.11813189064103245,2bbl,0.07492682600084534,0.6539800399008949,-0.41453695213341013,-0.4085691724684704,-0.2629602160773477,-0.03363570664658759,0.18178288250616068,-0.5995111852441157,low,558921.48
82,-0.3379651542093316,3,mitsubishi,gas,turbo,two,hatchback,fwd,front,-0.475537182241917,-0.06900602884578928,0.18327172444389506,-1.4460712601091512,0.5341345778932411,ohc,four,0.7003365763251667,spdi,0.9262038973116256,1.9326248484815627,-0.7931010789480439,1.03638566418228,-0.2629602160773477,-0.9530116883199847,-0.9827637085489301,-0.0812752732099965,low,576454.632
83,-0.32106689649886505,3,mitsubishi,gas,turbo,two,hatchback,fwd,front,-0.475537182241917,-0.06900602884578928,0.18327172444389506,-1.4460712601091512,0.7035580013414613,ohc,four,0.7003365763251667,spdi,0.9632159438903544,1.9326248484815627,-0.7931010789480439,1.03638566418228,-0.2629602160773477,-0.9530116883199847,-0.9827637085489301,0.1998018316220682,low,576454.632
84,-0.30416863878839845,3,mitsubishi,gas,turbo,two,hatchback,fwd,front,-0.475537182241917,-0.06900602884578928,0.18327172444389506,-1.4460712601091512,0.7131843322192011,ohc,four,0.7003365763251667,spdi,0.9632159438903544,1.9326248484815627,-0.7931010789480439,1.03638566418228,-0.2629602160773477,-0.9530116883199847,-0.9827637085489301,0.15211910848091434,low,576454.632
85,-0.28727038107793185,1,mitsubishi,gas,std,four,sedan,fwd,front,-0.40894898390886314,-0.13400883602964708,-0.2372958521717572,-0.8717252157535934,-0.36688999226320196,ohc,four,-0.11813189064103245,2bbl,0.07492682600084534,0.6539800399008949,-0.41453695213341013,-0.4085691724684704,-0.2629602160773477,-0.03363570664658759,0.18178288250616068,-0.7889872693050165,low,581787.9360000001
86,-0.2703721233674653,1,mitsubishi,gas,std,four,sedan,fwd,front,-0.40894898390886314,-0.13400883602964708,-0.2372958521717572,-0.8717252157535934,-0.2898793452412838,ohc,four,-0.11813189064103245,2bbl,0.07492682600084534,0.6539800399008949,-0.41453695213341013,-0.4085691724684704,-0.2629602160773477,-0.03363570664658759,0.18178288250616068,-0.6384102488592676,low,581787.9360000001
87,-0.2534738656569987,1,mitsubishi,gas,turbo,four,sedan,fwd,front,-0.40894898390886314,-0.13400883602964708,-0.2372958521717572,-0.8717252157535934,-0.2937298775923797,ohc,four,-0.40700311427616154,spdi,-0.5912900124162876,0.6539800399008949,-0.6669130366764994,0.30123320343014376,0.7878554622044521,-0.3400943672043866,-0.10935376525761202,-0.5016361219543789,low,581787.9360000001
88,-0.23657560794653212,-1,mitsubishi,gas,std,four,sedan,fwd,front,-0.40894898390886314,-0.13400883602964708,-0.2372958521717572,-0.8717252157535934,-0.2937298775923797,ohc,four,-0.40700311427616154,spdi,-0.5912900124162876,0.6539800399008949,-0.6669130366764994,0.30123320343014376,0.7878554622044521,-0.3400943672043866,-0.10935376525761202,-0.5016361219543789,low,581787.9360000001
89,-0.21967735023606555,1,Nissan,gas,std,two,sedan,fwd,front,-0.7085958764076113,-0.7109087497863971,-0.9849715439329279,0.3179915904114915,-1.2833166918240289,ohc,four,-0.7199469398808848,2bbl,-0.6653141055737468,0.11055599625411121,-0.18739847604462975,-0.8902207846853871,0.1573660552353722,0.8857402750268095,0.9096245019155924,-0.975953736358488,low,574764.63
90,-0.20277909252559898,1,Nissan,diesel,std,two,sedan,fwd,front,-0.7085958764076113,-0.7109087497863971,-0.9849715439329279,0.3179915904114915,-1.0368826213538904,ohc,four,-0.5755113280633202,idi,-1.257506850833419,0.6859461601154123,2.967302580743985,-1.2451219726346943,-0.6832864873900676,3.030950898931403,2.802012712380115,-0.7751843757641562,low,574764.63
91,-0.18588083481513237,1,Nissan,gas,std,two,sedan,fwd,front,-0.7085958764076113,-0.7109087497863971,-0.9849715439329279,0.3179915904114915,-1.2274839727331381,ohc,four,-0.7199469398808848,2bbl,-0.6653141055737468,0.11055599625411121,-0.18739847604462975,-0.8902207846853871,0.1573660552353722,0.8857402750268095,0.9096245019155924,-0.831650758431312,low,574764.63
92,-0.1689825771046658,1,Nissan,gas,std,four,sedan,fwd,front,-0.7085958764076113,-0.7109087497863971,-0.9849715439329279,0.3179915904114915,-1.188978649222179,ohc,four,-0.7199469398808848,2bbl,-0.6653141055737468,0.11055599625411121,-0.18739847604462975,-0.8902207846853871,0.1573660552353722,0.8857402750268095,0.9096245019155924,-0.8065545883570205,low,574764.63
93,-0.15208431939419922,1,Nissan,gas,std,four,wagon,fwd,front,-0.7085958764076113,-0.3127665557852613,-0.9849715439329279,-0.09225558412819312,-1.0234057581250549,ohc,four,-0.7199469398808848,2bbl,-0.6653141055737468,0.11055599625411121,-0.18739847604462975,-0.8902207846853871,0.1573660552353722,0.8857402750268095,0.9096245019155924,-0.7438141631712918,low,580943.6599999999
94,-0.13518606168373265,1,Nissan,gas,std,two,sedan,fwd,front,-0.7085958764076113,-0.7109087497863971,-0.9849715439329279,0.3179915904114915,-1.1639501889400556,ohc,four,-0.7199469398808848,2bbl,-0.6653141055737468,0.11055599625411121,-0.18739847604462975,-0.8902207846853871,0.1573660552353722,0.8857402750268095,0.9096245019155924,-0.7500882056898647,low,574764.63
95,-0.11828780397326606,1,Nissan,gas,std,two,hatchback,fwd,front,-0.7085958764076113,-0.6865326970924512,-0.9849715439329279,-0.17430501903613121,-1.015704693422863,ohc,four,-0.7199469398808848,2bbl,-0.6653141055737468,0.11055599625411121,-0.18739847604462975,-0.8902207846853871,0.1573660552353722,0.8857402750268095,0.9096245019155924,-0.6873477805041359,low,563129.4239999999
96,-0.10138954626279949,1,Nissan,gas,std,four,sedan,fwd,front,-0.7085958764076113,-0.7109087497863971,-0.9849715439329279,0.3179915904114915,-1.1254448654290965,ohc,four,-0.7199469398808848,2bbl,-0.6653141055737468,0.11055599625411121,-0.18739847604462975,-0.8902207846853871,0.1573660552353722,0.8857402750268095,0.9096245019155924,-0.7249920356155732,low,574764.63
97,-0.0844912885523329,1,Nissan,gas,std,four,wagon,fwd,front,-0.7085958764076113,-0.3127665557852613,-0.9849715439329279,-0.09225558412819312,-0.9983772978429314,ohc,four,-0.7199469398808848,2bbl,-0.6653141055737468,0.11055599625411121,-0.18739847604462975,-0.8902207846853871,0.1573660552353722,0.8857402750268095,0.9096245019155924,-0.6622516104298445,low,580943.6599999999
98,-0.06759303084186633,2,Nissan,gas,std,two,hardtop,fwd,front,-0.6087135789080294,-0.9465439258278872,-0.9849715439329279,-0.17430501903613121,-1.054210016933822,ohc,four,-0.7199469398808848,2bbl,-0.6653141055737468,0.11055599625411121,-0.18739847604462975,-0.8902207846853871,0.1573660552353722,0.8857402750268095,0.9096245019155924,-0.6308813978369802,low,552247.696
99,-0.050694773131399744,0,Nissan,gas,std,four,hatchback,fwd,front,-0.25912553765948787,-0.052755327049823095,-0.33075531364190436,0.40004102531942964,-0.44582590546066814,ohc,four,-0.16627709458022064,2bbl,0.0009027328433861145,0.6859461601154123,-0.41453695213341013,-0.180418408786773,0.1573660552353722,0.2728229539112114,0.4729195302699334,-0.5430448025769599,low,618420.696
100,-0.03379651542093316,0,Nissan,gas,std,four,sedan,fwd,front,-0.25912553765948787,-0.052755327049823095,-0.33075531364190436,0.40004102531942964,-0.4881817613227232,ohc,four,-0.16627709458022064,2bbl,0.0009027328433861145,0.6859461601154123,-0.41453695213341013,-0.180418408786773,0.1573660552353722,0.2728229539112114,0.4729195302699334,-0.46775629235408545,low,618420.696
101,-0.01689825771046658,0,Nissan,gas,std,four,sedan,fwd,front,0.27358004900495464,0.6216487974827147,0.2767311859140422,0.5641398951353029,1.0385543158868056,ohcv,six,1.302151625565019,mpfi,0.3710231986306822,0.046623755825077745,-0.2883489098618655,1.2138362581569333,0.1573660552353722,-1.2594703488777836,-1.273900356312703,0.027893066613171476,low,665776.0549999999
102,0.0,0,Nissan,gas,std,four,wagon,fwd,front,0.27358004900495464,0.8572839735242048,0.2767311859140422,0.9743870696749876,1.4255328171719446,ohcv,six,1.302151625565019,mpfi,0.3710231986306822,0.046623755825077745,-0.2883489098618655,1.2138362581569333,0.1573660552353722,-1.2594703488777836,-1.273900356312703,0.1408258319474832,low,688677.99
103,0.01689825771046658,0,Nissan,gas,std,four,sedan,fwd,front,0.27358004900495464,0.8572839735242048,0.2767311859140422,0.5641398951353029,0.9711699997426271,ohcv,six,1.302151625565019,mpfi,0.3710231986306822,0.046623755825077745,-0.2883489098618655,1.2138362581569333,0.1573660552353722,-0.9530116883199847,-0.8371953846670438,0.027893066613171476,low,676402.09
104,0.03379651542093316,3,Nissan,gas,std,two,hatchback,rwd,front,-1.2413014630720538,-0.27213980129534926,0.9309474162050657,-1.6511948473789937,0.9923479276736545,ohcv,six,1.302151625565019,mpfi,0.3710231986306822,0.046623755825077745,-0.2883489098618655,1.4166369369851088,0.1573660552353722,-0.9530116883199847,-0.8371953846670438,0.49217221298756403,low,576049.341
105,0.050694773131399744,3,Nissan,gas,turbo,two,hatchback,rwd,front,-1.2413014630720538,-0.27213980129534926,0.9309474162050657,-1.6511948473789937,1.1232660276109157,ohcv,six,1.302151625565019,mpfi,0.3710231986306822,0.046623755825077745,-0.5912002113135727,2.430640331125986,0.1573660552353722,-1.2594703488777836,-1.1283320324308166,0.8058743389162076,low,576049.341
106,0.06759303084186633,1,Nissan,gas,std,two,hatchback,rwd,front,0.07381545400578841,0.36163756874727887,0.9309474162050657,-1.6511948473789937,1.1232660276109157,ohcv,six,1.302151625565019,mpfi,0.3710231986306822,0.046623755825077745,-0.2883489098618655,1.4166369369851088,0.1573660552353722,-0.9530116883199847,-0.8371953846670438,0.6427492334333129,low,602371.4550000001
107,0.0844912885523329,0,peugeot,gas,std,four,sedan,rwd,front,1.5221087677497407,1.0279163423818347,1.1645960698804303,1.220535374398799,0.8941593527207089,l,four,-0.16627709458022064,mpfi,0.4820593383668702,-0.20910520589105608,-0.43977456058771897,-0.180418408786773,-0.2629602160773477,-0.9530116883199847,-0.9827637085489301,-0.17275081313078897,med,724074.876
108,0.10138954626279949,0,peugeot,diesel,turbo,four,sedan,rwd,front,1.5221087677497407,1.0279163423818347,1.1645960698804303,1.220535374398799,1.234931465792697,l,four,0.6040461684467903,idi,1.3703484562563808,0.8457767611879953,2.740164104655205,-0.23111857849381687,-2.049346869156407,0.42605228419011093,0.32735120638804704,-0.009625707647894298,med,724074.876
109,0.11828780397326606,0,peugeot,gas,std,four,wagon,rwd,front,2.5708728914953607,2.019209151935689,1.1645960698804303,2.041029723478168,1.2984652495857796,l,four,-0.16627709458022064,mpfi,0.4820593383668702,-0.20910520589105608,-0.43977456058771897,-0.180418408786773,-0.2629602160773477,-0.9530116883199847,-0.9827637085489301,-0.10499115393020196,med,798599.4120000001
110,0.13518606168373265,0,peugeot,diesel,turbo,four,wagon,rwd,front,2.5708728914953607,2.019209151935689,1.1645960698804303,2.041029723478168,1.6835184846953706,l,four,0.6040461684467903,idi,1.3703484562563808,0.8457767611879953,2.740164104655205,-0.23111857849381687,-2.049346869156407,-0.03363570664658759,-0.8371953846670438,0.07319165359726762,med,798599.4120000001
111,0.15208431939419922,0,peugeot,gas,std,four,sedan,rwd,front,1.5221087677497407,1.0279163423818347,1.1645960698804303,1.220535374398799,1.0000489923758464,l,four,-0.16627709458022064,mpfi,0.4820593383668702,-3.405717227342726,-0.43977456058771897,-0.23111857849381687,-0.2629602160773477,-0.9530116883199847,-0.9827637085489301,0.2890187162361744,med,724074.876
112,0.1689825771046658,0,peugeot,diesel,turbo,four,sedan,rwd,front,1.5221087677497407,1.0279163423818347,1.1645960698804303,1.220535374398799,1.3408211054478345,l,four,0.6040461684467903,idi,1.3703484562563808,0.8457767611879953,2.740164104655205,-0.23111857849381687,-2.049346869156407,0.42605228419011093,0.32735120638804704,0.45465343872649827,med,724074.876
113,0.18588083481513237,0,peugeot,gas,std,four,wagon,rwd,front,2.5708728914953607,2.019209151935689,1.1645960698804303,1.220535374398799,1.404354889240917,l,four,-0.16627709458022064,mpfi,0.4820593383668702,-3.405717227342726,-0.43977456058771897,-0.23111857849381687,-0.2629602160773477,-0.9530116883199847,-0.9827637085489301,0.42892986440034947,med,771389.8920000001
114,0.20277909252559898,0,peugeot,diesel,turbo,four,wagon,rwd,front,2.5708728914953607,2.019209151935689,1.1645960698804303,2.041029723478168,1.7894081243505082,l,four,0.6040461684467903,idi,1.3703484562563808,0.8457767611879953,2.740164104655205,-0.23111857849381687,-2.049346869156407,-0.03363570664658759,-0.8371953846670438,0.4766125875415033,med,798599.4120000001
115,0.21967735023606555,0,peugeot,gas,std,four,sedan,rwd,front,1.5221087677497407,1.0279163423818347,1.1645960698804303,1.220535374398799,1.0000489923758464,l,four,-0.16627709458022064,mpfi,0.4820593383668702,-0.20910520589105608,-0.43977456058771897,-0.180418408786773,-0.2629602160773477,-0.9530116883199847,-0.9827637085489301,0.42077360912620476,med,724074.876
116,0.23657560794653212,0,peugeot,diesel,turbo,four,sedan,rwd,front,1.5221087677497407,1.0279163423818347,1.1645960698804303,1.220535374398799,1.3408211054478345,l,four,0.6040461684467903,idi,1.3703484562563808,0.8457767611879953,2.740164104655205,-0.23111857849381687,-2.049346869156407,0.42605228419011093,0.32735120638804704,0.5864083316165286,med,724074.876
117,0.2534738656569987,0,peugeot,gas,turbo,four,sedan,rwd,front,1.5387558173330036,1.0279163423818347,1.1178663391453534,0.9333623522210185,1.1059386320309839,l,four,0.17073933299409666,mpfi,1.0372400370478136,-0.14517296546202263,-0.7931010789480439,0.960335409621714,0.998018597860812,-1.1062410185988842,-0.9827637085489301,0.61150450169082,med,714090.1599999999
118,0.2703721233674653,1,plymouth,gas,std,two,hatchback,fwd,front,-0.8417722730737214,-1.360936821624989,-0.9849715439329279,-1.1999229553853428,-1.2274839727331381,ohc,four,-0.8884551536680434,2bbl,-1.3315309439908782,-0.08124072503298917,-0.18739847604462975,-0.9155708695389091,0.7878554622044521,1.8051162567002066,1.4918977974431378,-0.9667936342813717,low,509815.59199999995
119,0.28727038107793185,1,plymouth,gas,turbo,two,hatchback,fwd,front,-0.8417722730737214,-1.360936821624989,-0.9849715439329279,-1.1999229553853428,-0.8231780758680675,ohc,four,-0.6958743379112906,spdi,-1.1094586645185023,0.43021719839927847,-0.6416754282221906,-0.05366798451916333,0.7878554622044521,-0.18686503692548712,-0.10935376525761202,-0.6675218061454457,low,509815.59199999995
120,0.30416863878839845,1,plymouth,gas,std,four,hatchback,fwd,front,-0.8417722730737214,-1.360936821624989,-0.9849715439329279,-1.281972390293278,-1.1331459301312883,ohc,four,-0.8884551536680434,2bbl,-1.3315309439908782,-0.08124072503298917,-0.18739847604462975,-0.9155708695389091,0.7878554622044521,0.8857402750268095,1.0551928257974788,-0.8843527155873242,low,507808.444
121,0.32106689649886505,1,plymouth,gas,std,four,sedan,fwd,front,-0.8417722730737214,-0.548401731826749,-0.9849715439329279,-1.1999229553853428,-1.0907900742692331,ohc,four,-0.8884551536680434,2bbl,-1.3315309439908782,-0.08124072503298917,-0.18739847604462975,-0.9155708695389091,0.7878554622044521,0.8857402750268095,1.0551928257974788,-0.8262550818653394,low,542225.992
122,0.3379651542093316,1,plymouth,gas,std,four,sedan,fwd,front,-0.8417722730737214,-0.548401731826749,-0.9849715439329279,-1.1999229553853428,-0.7018863068085462,ohc,four,-0.6958743379112906,2bbl,-1.3315309439908782,-0.08124072503298917,-0.18739847604462975,-0.9155708695389091,0.7878554622044521,0.8857402750268095,1.0551928257974788,-0.7111891420747128,low,542225.992
123,0.3548634119197982,-1,plymouth,gas,std,four,wagon,fwd,front,0.7563444869196039,0.04474888372596479,-0.6111336980523459,2.492301615471819,-0.039594742420049546,ohc,four,-0.11813189064103245,2bbl,0.07492682600084534,0.6539800399008949,-0.41453695213341013,-0.4085691724684704,-0.2629602160773477,-0.18686503692548712,-0.10935376525761202,-0.5465582663873607,low,674493.7679999998
124,0.37176166963026475,3,plymouth,gas,turbo,two,hatchback,rwd,front,-0.475537182241917,-0.06900602884578928,0.18327172444389506,-1.4460712601091512,0.5052555852600219,ohc,four,0.7003365763251667,spdi,0.9632159438903544,1.9326248484815627,-0.7931010789480439,1.03638566418228,-0.2629602160773477,-0.9530116883199847,-0.9827637085489301,-0.06433535840984975,low,576454.632
125,0.38865992734073135,3,porsche,gas,std,two,hatchback,rwd,front,-0.7085958764076113,-0.4183961174590311,1.1178663391453534,-1.4460712601091512,0.4282449382381036,ohc,four,0.5799735664771962,mpfi,2.2586375741458897,-0.46483416760718993,-0.16216086759032092,0.985685494475236,0.7878554622044521,-0.9530116883199847,-0.5460587369032711,1.0968644309276174,high,579100.6740000001
126,0.40555818505119795,3,porsche,gas,std,two,hardtop,rwd,rear,-1.5409483555708021,-0.4183961174590311,-0.4242147751120515,-0.8717252157535934,0.38588908237604863,ohcf,six,1.6150954511697422,mpfi,1.5183966425712994,-1.1361226921120404,-0.16216086759032092,2.60809092510064,1.6285080048298919,-1.2594703488777836,-0.8371953846670438,2.415668168331635,high,566490.6
127,0.4224564427616645,3,porsche,gas,std,two,hardtop,rwd,rear,-1.5409483555708021,-0.4183961174590311,-0.4242147751120515,-0.8717252157535934,0.38588908237604863,ohcf,six,1.6150954511697422,mpfi,1.5183966425712994,-1.1361226921120404,-0.16216086759032092,2.60809092510064,1.6285080048298919,-1.2594703488777836,-0.8371953846670438,2.6038894438888214,high,566490.6
128,0.4393547004721311,3,porsche,gas,std,two,convertible,rwd,rear,-1.5409483555708021,-0.4183961174590311,-0.4242147751120515,-0.8717252157535934,0.47060079410015865,ohcf,six,1.6150954511697422,mpfi,1.5183966425712994,-1.1361226921120404,-0.16216086759032092,2.60809092510064,1.6285080048298919,-1.2594703488777836,-0.8371953846670438,2.9803319950031937,high,566490.6
129,0.45625295818259765,1,porsche,gas,std,two,hatchback,rwd,front,-0.05936094266032163,0.13412774360377072,2.98705556854827,-1.322997107747247,1.5603014494603014,dohcv,eight,1.831748868896089,mpfi,2.2586375741458897,-0.46483416760718993,-0.035972825318776304,4.661447798235916,1.313263301345352,-1.2594703488777836,-0.4004904130213847,2.274188509537817,high,641507.0549999999
130,0.47315121589306425,0,renault,gas,std,four,wagon,fwd,front,-0.44224308307539123,0.6053980956867508,0.2767311859140422,0.6051646125892719,0.0451169693040605,ohc,four,0.12259412905490848,mpfi,0.4820593383668702,2.0604893293396294,-0.36406173522479246,-0.3578690027614265,-0.052797080420987755,-0.3400943672043866,0.03621455862427433,-0.4996284283484356,low,666250.2000000001
131,0.49004947360353085,2,renault,gas,std,two,hatchback,fwd,front,-0.44224308307539123,0.22350660348157897,0.3234609166491125,-1.322997107747247,-0.18398970558614622,ohc,four,0.12259412905490848,mpfi,0.4820593383668702,2.0604893293396294,-0.36406173522479246,-0.3578690027614265,-0.052797080420987755,-0.3400943672043866,0.03621455862427433,-0.42433991812556116,low,594631.44
132,0.5069477313139974,3,saab,gas,std,two,hatchback,fwd,front,0.057168404422523175,1.0197909914838528,0.2767311859140422,0.9743870696749876,0.19721299717234897,ohc,four,-0.14220449261062654,mpfi,0.7781557109967071,-0.5926986484652568,-0.21011232365350774,0.14913269430901213,0.2624476230635522,-0.6465530277621856,-0.4004904130213847,-0.17902485564936185,med,696139.29
133,0.523845989024464,2,saab,gas,std,four,sedan,fwd,front,0.057168404422523175,1.0197909914838528,0.2767311859140422,0.9743870696749876,0.2684478456676233,ohc,four,-0.14220449261062654,mpfi,0.7781557109967071,-0.5926986484652568,-0.2126360844989386,0.14913269430901213,0.2624476230635522,-0.6465530277621856,-0.4004904130213847,-0.13887098353049546,med,696139.29
134,0.5407442467349306,3,saab,gas,std,two,hatchback,fwd,front,0.057168404422523175,1.0197909914838528,0.2767311859140422,0.9743870696749876,0.2915510397741988,ohc,four,-0.14220449261062654,mpfi,-2.9230489468762504,-3.7893106699169268,-0.2126360844989386,0.14913269430901213,0.2624476230635522,-0.6465530277621856,-0.4004904130213847,0.2212590570355874,med,696139.29
135,0.5576425044453972,2,saab,gas,std,four,sedan,fwd,front,0.057168404422523175,1.0197909914838528,0.2767311859140422,0.9743870696749876,0.3897396147271445,ohc,four,-0.14220449261062654,mpfi,0.7781557109967071,-0.5926986484652568,-0.2126360844989386,0.14913269430901213,0.2624476230635522,-0.6465530277621856,-0.4004904130213847,0.2802350567101724,med,696139.29
136,0.5745407621558637,3,saab,gas,turbo,two,hatchback,fwd,front,0.057168404422523175,1.0197909914838528,0.2767311859140422,0.9743870696749876,0.48600292350454233,dohc,four,-0.14220449261062654,mpfi,0.7781557109967071,-0.5926986484652568,-0.2883489098618655,1.4166369369851088,0.7878554622044521,-0.9530116883199847,-0.6916270607851575,0.61150450169082,med,696139.29
137,0.5914390198663303,2,saab,gas,turbo,four,sedan,fwd,front,0.057168404422523175,1.0197909914838528,0.2767311859140422,0.9743870696749876,0.5610883043509126,dohc,four,-0.14220449261062654,mpfi,0.7781557109967071,-0.5926986484652568,-0.2883489098618655,1.4166369369851088,0.7878554622044521,-0.9530116883199847,-0.6916270607851575,0.670480501365405,med,696139.29
138,0.6083372775767969,2,subaru,gas,std,two,hatchback,fwd,front,-0.8417722730737214,-1.393438225216919,-1.1718904668732189,-0.010206149220255032,-0.9733488375608079,ohcf,four,-0.7199469398808848,2bbl,1.074252083626544,-2.862293183695942,-0.2883489098618655,-0.8902207846853871,-0.4731233517337077,0.8857402750268095,0.7640561780337061,-1.0237619403500133,low,534178.6020000001
139,0.6252355352872635,2,subaru,gas,std,two,hatchback,fwd,front,-0.8417722730737214,-1.3121847162370952,-1.0784310054030717,-0.010206149220255032,-0.838580205272451,ohcf,four,-0.45514831821534973,2bbl,1.074252083626544,-1.967241817689474,-0.36406173522479246,-0.7888204452712995,-1.5239390300155076,0.11959362363231192,0.03621455862427433,-0.7809564948812432,low,539279.028
140,0.6421337929977301,2,subaru,gas,std,two,hatchback,4wd,front,-0.9083604714067776,-1.360936821624989,-0.9849715439329279,0.8102881998591143,-0.6075482642066964,ohcf,four,-0.45514831821534973,2bbl,1.074252083626544,-1.967241817689474,-0.36406173522479246,-0.7888204452712995,-1.5239390300155076,0.11959362363231192,0.03621455862427433,-0.7119420271769417,low,558990.718
141,0.6590320507081966,0,subaru,gas,std,four,sedan,fwd,front,-0.25912553765948787,-0.16651023962157716,-0.2372958521717572,-0.5025027586678777,-0.7904485508837522,ohcf,four,-0.45514831821534973,2bbl,1.074252083626544,-1.967241817689474,-0.16216086759032092,-0.5606696815896021,-0.6832864873900676,1.038969605305709,0.9096245019155924,-0.7717963928041268,low,590562.0
142,0.6759303084186632,0,subaru,gas,std,four,sedan,fwd,front,-0.25912553765948787,-0.16651023962157716,-0.2372958521717572,-0.5025027586678777,-0.7038115729840941,ohcf,four,-0.45514831821534973,2bbl,1.074252083626544,-1.967241817689474,-0.16216086759032092,-0.5606696815896021,-1.5239390300155076,0.42605228419011093,0.32735120638804704,-0.690359320913051,low,590562.0
143,0.6928285661291298,0,subaru,gas,std,four,sedan,fwd,front,-0.25912553765948787,-0.16651023962157716,-0.2372958521717572,-0.5025027586678777,-0.4150216466519009,ohcf,four,-0.45514831821534973,mpfi,1.074252083626544,-1.967241817689474,-0.2883489098618655,-0.2564686633473388,0.1573660552353722,0.11959362363231192,0.18178288250616068,-0.41618366285141645,low,590562.0
144,0.7097268238395964,0,subaru,gas,std,four,sedan,4wd,front,-0.29241963682601596,-0.16651023962157716,-0.2372958521717572,0.23594215550355344,-0.32838466875224287,ohcf,four,-0.45514831821534973,2bbl,1.074252083626544,-1.967241817689474,-0.2883489098618655,-0.5606696815896021,-0.6832864873900676,-0.18686503692548712,-0.8371953846670438,-0.507408241071466,low,610809.8400000001
145,0.726625081550063,0,subaru,gas,turbo,four,sedan,4wd,front,-0.29241963682601596,-0.16651023962157716,-0.2372958521717572,0.23594215550355344,-0.08772639680874843,ohcf,four,-0.45514831821534973,mpfi,1.074252083626544,-1.967241817689474,-0.6164378197678815,0.17448277916253407,-0.6832864873900676,-0.18686503692548712,-0.2549220891394984,-0.2531840382188932,low,610809.8400000001
146,0.7435233392605295,0,subaru,gas,std,four,wagon,fwd,front,-0.29241963682601596,-0.04462997615184115,-0.2372958521717572,-0.29737917139803544,-0.5112849554292986,ohcf,four,-0.45514831821534973,2bbl,1.074252083626544,-1.967241817689474,-0.2883489098618655,-0.5606696815896021,-0.6832864873900676,0.42605228419011093,0.18178288250616068,-0.7295093462289457,low,601385.7000000001
147,0.7604215969709961,0,subaru,gas,std,four,wagon,fwd,front,-0.29241963682601596,-0.04462997615184115,-0.2372958521717572,-0.29737917139803544,-0.19361603646388598,ohcf,four,-0.45514831821534973,mpfi,1.074252083626544,-1.967241817689474,-0.2883489098618655,-0.2564686633473388,0.1573660552353722,-0.03363570664658759,0.03621455862427433,-0.38631922046300954,low,601385.7000000001
148,0.7773198546814627,0,subaru,gas,std,four,wagon,4wd,front,-0.30906668640927887,-0.03650462525385922,-0.2372958521717572,0.4820904602273648,-0.2610003526080644,ohcf,four,-0.45514831821534973,2bbl,1.074252083626544,-1.967241817689474,-0.2883489098618655,-0.5606696815896021,-0.6832864873900676,-0.3400943672043866,-0.2549220891394984,-0.6604948785246441,low,623303.856
149,0.7942181123919293,0,subaru,gas,turbo,four,wagon,4wd,front,-0.30906668640927887,-0.03650462525385922,-0.2372958521717572,0.4820904602273648,0.18181086776796535,ohcf,four,-0.45514831821534973,mpfi,1.074252083626544,-1.967241817689474,-0.6164378197678815,0.17448277916253407,-0.6832864873900676,-0.3400943672043866,-1.1283320324308166,-0.19859986830730922,low,623303.856
150,0.8111163701023959,1,toyota,gas,std,two,hatchback,fwd,front,-0.5088312814084451,-1.2471819090532372,-1.0784310054030717,0.3179915904114915,-1.0984911389714251,ohc,four,-0.8403099497288552,2bbl,-1.0354345713610429,-0.7205631293233238,-0.2883489098618655,-1.0676713786600407,-0.6832864873900676,1.4986575961424076,1.200761149679365,-0.9949013447645781,low,550085.94
151,0.8280146278128624,1,toyota,gas,std,two,hatchback,fwd,front,-0.5088312814084451,-1.2471819090532372,-1.0784310054030717,0.3179915904114915,-0.9926014993162875,ohc,four,-0.8403099497288552,2bbl,-1.0354345713610429,-0.7205631293233238,-0.2883489098618655,-1.0676713786600407,-0.6832864873900676,0.8857402750268095,1.0551928257974788,-0.8706753028968353,low,550085.94
152,0.844912885523329,1,toyota,gas,std,four,hatchback,fwd,front,-0.5088312814084451,-1.2471819090532372,-1.0784310054030717,0.3179915904114915,-1.0407331537049864,ohc,four,-0.8403099497288552,2bbl,-1.0354345713610429,-0.7205631293233238,-0.2883489098618655,-1.0676713786600407,-0.6832864873900676,0.8857402750268095,1.0551928257974788,-0.8518531753411167,low,550085.94
153,0.8618111432337956,0,toyota,gas,std,four,wagon,fwd,front,-0.5088312814084451,-0.3533933102751733,-1.0784310054030717,2.2051285932940417,-0.5305376171847782,ohc,four,-0.8403099497288552,2bbl,-1.0354345713610429,-0.7205631293233238,-0.2883489098618655,-1.0676713786600407,-0.6832864873900676,0.8857402750268095,0.9096245019155924,-0.79789640968139,low,637861.572
154,0.8787094009442622,0,toyota,gas,std,four,wagon,4wd,front,-0.5088312814084451,-0.3533933102751733,-1.0784310054030717,2.2051285932940417,-0.5112849554292986,ohc,four,-0.8403099497288552,2bbl,-1.0354345713610429,-0.7205631293233238,-0.2883489098618655,-1.0676713786600407,-0.6832864873900676,0.2728229539112114,0.18178288250616068,-0.6749251763173617,low,637861.572
155,0.8956076586547288,0,toyota,gas,std,four,wagon,4wd,front,-0.5088312814084451,-0.3533933102751733,-1.0784310054030717,2.2051285932940417,1.067433308520025,ohc,four,-0.8403099497288552,2bbl,-1.0354345713610429,-0.7205631293233238,-0.2883489098618655,-1.0676713786600407,-0.6832864873900676,0.2728229539112114,0.18178288250616068,-0.5645020279904791,low,637861.572
156,0.9125059163651953,0,toyota,gas,std,four,sedan,fwd,front,-0.5088312814084451,-0.6296552408065731,-0.7045931595224864,-0.29737917139803544,-0.9136655861188213,ohc,four,-0.6958743379112906,2bbl,-0.5172659192588284,-0.7205631293233238,-0.2883489098618655,-0.8648706998318653,-0.6832864873900676,0.73251094474791,0.9096245019155924,-0.7953867926739608,low,567615.16
157,0.9294041740756619,0,toyota,gas,std,four,hatchback,fwd,front,-0.5088312814084451,-0.6296552408065731,-0.7045931595224864,-0.3794286063059735,-0.8597581332034786,ohc,four,-0.6958743379112906,2bbl,-0.5172659192588284,-0.7205631293233238,-0.2883489098618655,-0.8648706998318653,-0.6832864873900676,0.73251094474791,0.9096245019155924,-0.7627617715773819,low,565473.216
158,0.9463024317861285,0,toyota,diesel,std,four,sedan,fwd,front,-0.5088312814084451,-0.6296552408065731,-0.7045931595224864,-0.29737917139803544,-0.540163948062518,ohc,four,-0.40700311427616154,idi,-0.22116954662899155,0.30235271754121157,3.1187282314698392,-1.2197718877811723,-1.3137758943591475,1.345428265863508,0.7640561780337061,-0.6749251763173617,low,567615.16
159,0.9632006894965951,0,toyota,diesel,std,four,hatchback,fwd,front,-0.5088312814084451,-0.6296552408065731,-0.7045931595224864,-0.3794286063059735,-0.540163948062518,ohc,four,-0.40700311427616154,idi,-0.22116954662899155,0.30235271754121157,3.1187282314698392,-1.2197718877811723,-1.3137758943591475,1.958345586979106,2.365307740734456,-0.688728069858222,low,565473.216
160,0.9800989472070617,0,toyota,gas,std,four,sedan,fwd,front,-0.5088312814084451,-0.6296552408065731,-0.7045931595224864,-0.29737917139803544,-0.888637125836698,ohc,four,-0.6958743379112906,2bbl,-0.5172659192588284,-0.7205631293233238,-0.2883489098618655,-0.8648706998318653,-0.6832864873900676,1.958345586979106,2.365307740734456,-0.6950021123767949,low,567615.16
161,0.9969972049175282,0,toyota,gas,std,four,hatchback,fwd,front,-0.5088312814084451,-0.6296552408065731,-0.7045931595224864,-0.3794286063059735,-0.8347296729213551,ohc,four,-0.6958743379112906,2bbl,-0.5172659192588284,-0.7205631293233238,-0.2883489098618655,-0.8648706998318653,-0.6832864873900676,0.42605228419011093,0.4729195302699334,-0.6172039851464912,low,565473.216
162,1.0138954626279948,0,toyota,gas,std,four,sedan,fwd,front,-0.5088312814084451,-0.6296552408065731,-0.7045931595224864,-0.3794286063059735,-0.800074881761492,ohc,four,-0.6958743379112906,2bbl,-0.5172659192588284,-0.7205631293233238,-0.2883489098618655,-0.8648706998318653,-0.6832864873900676,0.42605228419011093,0.4729195302699334,-0.5042712198121796,low,565473.216
163,1.0307937203384614,1,toyota,gas,std,two,sedan,rwd,front,-0.7085958764076113,-0.4346468192549973,-0.8915120824627807,-0.46147804121390873,-0.7442421626706013,ohc,four,-0.6958743379112906,2bbl,-0.5172659192588284,-0.7205631293233238,-0.2883489098618655,-0.8648706998318653,-0.6832864873900676,0.5792816144690105,0.4729195302699334,-0.6548482402579284,low,567911.6799999999
164,1.047691978048928,1,toyota,gas,std,two,hatchback,rwd,front,-0.7085958764076113,-0.4346468192549973,-0.8915120824627807,-0.46147804121390873,-0.6768578465264228,ohc,four,-0.6958743379112906,2bbl,-0.5172659192588284,-0.7205631293233238,-0.2883489098618655,-0.8648706998318653,-0.6832864873900676,0.5792816144690105,0.4729195302699334,-0.6322616871910661,low,567911.6799999999
165,1.0645902357593946,1,toyota,gas,std,two,sedan,rwd,front,-0.7085958764076113,-0.4346468192549973,-0.8915120824627807,-0.46147804121390873,-0.5594166098179976,dohc,four,-0.6958743379112906,mpfi,-0.33220568636517955,-0.5607325282507394,-0.18739847604462975,0.19983286401605602,3.099649954424412,0.11959362363231192,-0.2549220891394984,-0.4992519857973213,low,567911.6799999999
166,1.0814884934698612,1,toyota,gas,std,two,hatchback,rwd,front,-0.7085958764076113,-0.4346468192549973,-0.8915120824627807,-0.46147804121390873,-0.49203229367381907,dohc,four,-0.6958743379112906,mpfi,-0.33220568636517955,-0.5607325282507394,-0.18739847604462975,0.19983286401605602,3.099649954424412,0.11959362363231192,-0.2549220891394984,-0.46913658170817146,low,567911.6799999999
167,1.0983867511803278,2,toyota,gas,std,two,hardtop,rwd,front,-0.05936094266032163,0.17475449809368274,-0.1438363907016167,-0.7076263459377201,-0.029968411542309767,ohc,four,0.4596105566292258,mpfi,1.074252083626544,0.7818445207589618,-0.2126360844989386,0.30123320343014376,-0.6832864873900676,-0.18686503692548712,-0.10935376525761202,-0.6057852277626886,low,601053.4399999998
168,1.1152850088907944,2,toyota,gas,std,two,hardtop,rwd,front,-0.05936094266032163,0.17475449809368274,-0.1438363907016167,-0.7076263459377201,-0.037669476244501586,ohc,four,0.4596105566292258,mpfi,1.074252083626544,0.7818445207589618,-0.2126360844989386,0.30123320343014376,-0.6832864873900676,-0.18686503692548712,-0.10935376525761202,-0.45646301582065424,low,601053.4399999998
169,1.1321832666012608,2,toyota,gas,std,two,hatchback,rwd,front,-0.05936094266032163,0.17475449809368274,-0.1438363907016167,-0.7076263459377201,-0.008790483611282257,ohc,four,0.4596105566292258,mpfi,1.074252083626544,0.7818445207589618,-0.2126360844989386,0.30123320343014376,-0.6832864873900676,-0.18686503692548712,-0.10935376525761202,-0.41254471819064414,low,601053.4399999998
170,1.1490815243117274,2,toyota,gas,std,two,hardtop,rwd,front,-0.05936094266032163,0.17475449809368274,-0.1438363907016167,-0.7076263459377201,0.23764358685885603,ohc,four,0.4596105566292258,mpfi,1.074252083626544,0.7818445207589618,-0.2126360844989386,0.30123320343014376,-0.6832864873900676,-0.18686503692548712,-0.10935376525761202,-0.26071288924118063,low,601053.4399999998
171,1.165979782022194,2,toyota,gas,std,two,hatchback,rwd,front,-0.05936094266032163,0.17475449809368274,-0.1438363907016167,-0.7076263459377201,0.3050279030030345,ohc,four,0.4596105566292258,mpfi,1.074252083626544,0.7818445207589618,-0.2126360844989386,0.30123320343014376,-0.6832864873900676,-0.18686503692548712,-0.10935376525761202,-0.21679459161117054,low,601053.4399999998
172,1.1828780397326606,2,toyota,gas,std,two,convertible,rwd,front,-0.05936094266032163,0.17475449809368274,-0.1438363907016167,-0.29737917139803544,0.8075223748210508,ohc,four,0.4596105566292258,mpfi,1.074252083626544,0.7818445207589618,-0.2126360844989386,0.30123320343014376,-0.6832864873900676,-0.18686503692548712,-0.10935376525761202,0.551148212662149,low,612612.1599999999
173,1.1997762974431272,-1,toyota,gas,std,four,sedan,fwd,front,0.6065210406702309,0.12600239270578878,0.2767311859140422,0.4820904602273648,-0.44197537310957224,ohc,four,-0.11813189064103245,mpfi,-0.07312136031407311,0.9097090016170287,-0.36406173522479246,-0.3071688330543827,-1.9442653013282274,0.5792816144690105,0.4729195302699334,-0.5431702834273313,low,641089.26
174,1.2166745551535938,-1,toyota,diesel,turbo,four,sedan,fwd,front,0.6065210406702309,0.12600239270578878,0.2767311859140422,0.4820904602273648,-0.1454843820751871,ohc,four,-0.40700311427616154,idi,-0.22116954662899155,0.30235271754121157,3.1187282314698392,-0.7888204452712995,-1.3137758943591475,0.73251094474791,0.32735120638804704,-0.32357879527728084,low,641089.26
175,1.2335728128640604,-1,toyota,gas,std,four,hatchback,fwd,front,0.6065210406702309,0.12600239270578878,0.2767311859140422,0.07184328568768016,-0.27255194966135216,ohc,four,-0.11813189064103245,mpfi,-0.07312136031407311,0.9097090016170287,-0.36406173522479246,-0.3071688330543827,-1.9442653013282274,0.2728229539112114,0.18178288250616068,-0.4126701990410156,low,629411.86
176,1.250471070574527,-1,toyota,gas,std,four,sedan,fwd,front,0.6065210406702309,0.12600239270578878,0.2767311859140422,0.4820904602273648,-0.27255194966135216,ohc,four,-0.11813189064103245,mpfi,-0.07312136031407311,0.9097090016170287,-0.36406173522479246,-0.3071688330543827,-1.9442653013282274,0.2728229539112114,0.18178288250616068,-0.29848262520298935,low,641089.26
177,1.2673693282849936,-1,toyota,gas,std,four,hatchback,fwd,front,0.6065210406702309,0.12600239270578878,0.2767311859140422,0.07184328568768016,-0.1878402379372421,ohc,four,-0.11813189064103245,mpfi,-0.07312136031407311,0.9097090016170287,-0.36406173522479246,-0.3071688330543827,-1.9442653013282274,0.2728229539112114,0.18178288250616068,-0.25456432757297925,low,629411.86
178,1.2842675859954602,3,toyota,gas,std,two,hatchback,rwd,front,0.68975628858655,0.7679051136463989,0.8374879547349185,-0.7076263459377201,0.8094476409965988,dohc,six,1.061425605869078,mpfi,-0.22116954662899155,0.30235271754121157,-0.2126360844989386,1.4419870218386308,0.1573660552353722,-0.7997823580410852,-0.9827637085489301,0.4117389878994598,low,645993.4
179,1.3011658437059266,3,toyota,gas,std,two,hatchback,rwd,front,0.68975628858655,0.7679051136463989,0.8374879547349185,-0.7076263459377201,0.886458288018517,dohc,six,1.061425605869078,mpfi,-0.22116954662899155,0.30235271754121157,-0.2126360844989386,1.4419870218386308,0.1573660552353722,-0.9530116883199847,-0.9827637085489301,0.34146971169144363,low,645993.4
180,1.3180641014163932,-1,toyota,gas,std,four,sedan,rwd,front,0.9561090819187701,1.117295202259643,0.2767311859140422,0.15389272059561823,1.1078638982065319,dohc,six,1.061425605869078,mpfi,-0.22116954662899155,0.30235271754121157,-0.23787369295324787,1.3152365975710212,0.1573660552353722,-0.7997823580410852,-0.9827637085489301,0.30282160977703476,low,675638.67
181,1.3349623591268598,-1,toyota,gas,std,four,wagon,rwd,front,0.9561090819187701,1.117295202259643,0.2767311859140422,0.15389272059561823,1.146369221717491,dohc,six,0.8206995861731371,mpfi,-0.22116954662899155,0.30235271754121157,-0.23787369295324787,1.3152365975710212,0.1573660552353722,-0.9530116883199847,-0.9827637085489301,0.3103504607993222,low,675638.67
182,1.3518606168373264,2,volkswagen,diesel,std,two,sedan,fwd,front,-0.24247848807622502,-0.19088629231552529,-0.19056612143668694,0.8102881998591143,-0.5671176745201894,ohc,four,-0.7199469398808848,idi,-1.1834827576759614,0.4621833186137945,3.2449162737413837,-1.32117222719526,-0.6832864873900676,1.8051162567002066,2.2197394168525695,-0.690359320913051,low,626421.695
183,1.368758874547793,2,volkswagen,gas,std,two,sedan,fwd,front,-0.24247848807622502,-0.19088629231552529,-0.19056612143668694,0.8102881998591143,-0.667231515648683,ohc,four,-0.43107571624575564,mpfi,-0.5172659192588284,0.4621833186137945,-0.2883489098618655,-0.4846194270290362,0.2624476230635522,0.2728229539112114,0.4729195302699334,-0.6652631508387594,low,626421.695
184,1.3856571322582596,2,volkswagen,diesel,std,four,sedan,fwd,front,-0.24247848807622502,-0.19088629231552529,-0.19056612143668694,0.8102881998591143,-0.5613418759935455,ohc,four,-0.7199469398808848,idi,-1.1834827576759614,0.4621833186137945,3.2449162737413837,-1.32117222719526,-0.6832864873900676,1.8051162567002066,2.2197394168525695,-0.6627535338313303,low,626421.695
185,1.4025553899687262,2,volkswagen,gas,std,four,sedan,fwd,front,-0.24247848807622502,-0.19088629231552529,-0.19056612143668694,0.8102881998591143,-0.6614557171220392,ohc,four,-0.43107571624575564,mpfi,-0.5172659192588284,0.4621833186137945,-0.2883489098618655,-0.4846194270290362,0.2624476230635522,0.2728229539112114,0.4729195302699334,-0.6376573637570389,low,626421.695
186,1.4194536476791928,2,volkswagen,gas,std,four,sedan,fwd,front,-0.24247848807622502,-0.19088629231552529,-0.19056612143668694,0.8102881998591143,-0.540163948062518,ohc,four,-0.43107571624575564,mpfi,-0.5172659192588284,0.4621833186137945,-0.2883489098618655,-0.4846194270290362,0.2624476230635522,0.2728229539112114,0.4729195302699334,-0.6000131086456015,low,626421.695
187,1.4363519053896594,2,volkswagen,diesel,turbo,four,sedan,fwd,front,-0.24247848807622502,-0.19088629231552529,-0.19056612143668694,0.8102881998591143,-0.4554522363384079,ohc,four,-0.7199469398808848,idi,-1.1834827576759614,0.4621833186137945,3.2449162737413837,-0.9155708695389091,-1.3137758943591475,1.8051162567002066,1.6374661213250241,-0.47453225827414414,low,626421.695
188,1.453250163100126,2,volkswagen,gas,std,four,sedan,fwd,front,-0.24247848807622502,-0.19088629231552529,-0.19056612143668694,0.8102881998591143,-0.49203229367381907,ohc,four,-0.43107571624575564,mpfi,-0.5172659192588284,0.4621833186137945,-0.035972825318776304,-0.1043681542262072,0.7878554622044521,0.11959362363231192,0.18178288250616068,-0.4117918330884154,low,626421.695
189,1.4701484208105924,3,volkswagen,gas,std,two,convertible,fwd,front,-0.7085958764076113,-1.1984298036653411,-0.7980526209926335,0.7692634824051452,-0.580594537749025,ohc,four,-0.43107571624575564,mpfi,-0.5172659192588284,0.4621833186137945,-0.41453695213341013,-0.3578690027614265,0.7878554622044521,-0.18686503692548712,-0.2549220891394984,-0.21102247249408349,low,568624.5360000001
190,1.487046678521059,3,volkswagen,gas,std,two,hatchback,fwd,front,-0.7085958764076113,-0.6784073461944693,-0.8915120824627807,-0.9537746506615314,-0.6441283215421075,ohc,four,-0.43107571624575564,mpfi,-0.5172659192588284,0.4621833186137945,-0.41453695213341013,-0.3578690027614265,0.7878554622044521,-0.18686503692548712,-0.2549220891394984,-0.41367404584398726,low,545086.72
191,1.5039449362315256,0,volkswagen,gas,std,four,sedan,fwd,front,0.27358004900495464,0.49976853401297877,0.46365010885433655,0.5641398951353029,0.20298879569899284,ohc,five,0.21888453693328483,mpfi,-0.5172659192588284,0.4621833186137945,-0.41453695213341013,0.14913269430901213,0.7878554622044521,-0.9530116883199847,-0.9827637085489301,0.002294973137394159,low,664251.4380000001
192,1.5208431939419922,0,volkswagen,diesel,turbo,four,sedan,fwd,front,0.27358004900495464,0.49976853401297877,0.46365010885433655,0.5641398951353029,0.0451169693040605,ohc,four,-0.7199469398808848,idi,-1.1834827576759614,0.4621833186137945,3.2449162737413837,-0.9155708695389091,-1.3137758943591475,1.1921989355846085,1.0551928257974788,0.07130944084169576,low,664251.4380000001
193,1.5377414516524588,0,volkswagen,gas,std,four,wagon,fwd,front,0.27358004900495464,0.7354037100544688,0.46365010885433655,0.5641398951353029,0.014312710495293209,ohc,four,-0.43107571624575564,mpfi,-0.5172659192588284,0.4621833186137945,-0.2883489098618655,-0.4085691724684704,0.7878554622044521,-0.03363570664658759,0.03621455862427433,-0.12381328148592058,low,674941.3890000001
194,1.5546397093629254,-2,volvo,gas,std,four,sedan,rwd,front,0.9228149827522419,1.198548711239467,0.603839301059554,1.0154117871289565,0.6862306057615297,ohc,four,0.3392475467812553,mpfi,1.6664448288862161,-0.336969686749123,-0.16216086759032092,0.2505330337230999,0.5776923265480921,-0.3400943672043866,-0.4004904130213847,-0.042250728744473234,med,713029.6320000001
195,1.571537967073392,-1,volvo,gas,std,four,wagon,rwd,front,0.9228149827522419,1.198548711239467,0.603839301059554,1.5487331140305454,0.9211130791783803,ohc,four,0.3392475467812553,mpfi,1.6664448288862161,-0.336969686749123,-0.16216086759032092,0.2505330337230999,0.5776923265480921,-0.3400943672043866,-0.4004904130213847,0.017352675181969052,med,729523.2000000001
196,1.5884362247838586,-2,volvo,gas,std,four,sedan,rwd,front,0.9228149827522419,1.198548711239467,0.603839301059554,1.0154117871289565,0.7305117277991326,ohc,four,0.3392475467812553,mpfi,1.6664448288862161,-0.336969686749123,-0.16216086759032092,0.2505330337230999,0.5776923265480921,-0.18686503692548712,-0.4004904130213847,0.3398384606366147,med,713029.6320000001
197,1.6053344824943252,-1,volvo,gas,std,four,wagon,rwd,front,0.9228149827522419,1.198548711239467,0.603839301059554,1.5487331140305454,0.9365152085827639,ohc,four,0.3392475467812553,mpfi,1.6664448288862161,-0.336969686749123,-0.16216086759032092,0.2505330337230999,0.5776923265480921,-0.18686503692548712,-0.4004904130213847,0.4063433113334871,med,729523.2000000001
198,1.6222327402047918,-2,volvo,gas,turbo,four,sedan,rwd,front,0.9228149827522419,1.198548711239467,0.603839301059554,1.0154117871289565,0.9422910071094077,ohc,four,0.0744489251157203,mpfi,1.074252083626544,-0.336969686749123,-0.6669130366764994,1.4673371066921528,-0.052797080420987755,-1.2594703488777836,-1.273900356312703,0.6453843312911136,med,713029.6320000001
199,1.6391309979152584,-1,volvo,gas,turbo,four,wagon,rwd,front,0.9228149827522419,1.198548711239467,0.603839301059554,1.5487331140305454,1.1579208187707788,ohc,four,0.0744489251157203,mpfi,1.074252083626544,-0.336969686749123,-0.6669130366764994,1.4673371066921528,-0.052797080420987755,-1.2594703488777836,-1.273900356312703,0.711889181987986,med,729523.2000000001
200,1.6560292556257248,-1,volvo,gas,std,four,sedan,rwd,front,1.7218733627489047,1.198548711239467,1.3982447235557949,0.7282387649511761,0.7632412527834479,ohc,four,0.3392475467812553,mpfi,1.6664448288862161,-0.336969686749123,-0.16216086759032092,0.2505330337230999,0.5776923265480921,-0.3400943672043866,-0.4004904130213847,0.4477519919560681,med,721961.7600000001
201,1.6729275133361914,-1,volvo,gas,turbo,four,sedan,rwd,front,1.7218733627489047,1.198548711239467,1.351514992820718,0.7282387649511761,0.9499920718115996,ohc,four,0.3392475467812553,mpfi,1.6664448288862161,-0.336969686749123,-0.36406173522479246,1.4166369369851088,0.36752919089173214,-0.9530116883199847,-0.8371953846670438,0.7238098627732744,med,720913.92
202,1.689825771046658,-1,volvo,gas,std,four,sedan,rwd,front,1.7218733627489047,1.198548711239467,1.3982447235557949,0.7282387649511761,0.8787572233163252,ohcv,six,1.1095708098082662,mpfi,0.9262038973116256,-1.23202105275559,-0.3388241267704832,0.7575347307935386,0.7878554622044521,-1.1062410185988842,-1.1283320324308166,1.0299831376796307,med,721961.7600000001
203,1.7067240287571246,-1,volvo,diesel,turbo,four,sedan,rwd,front,1.7218733627489047,1.198548711239467,1.3982447235557949,0.7282387649511761,1.273436789303656,ohc,six,0.4355379546596317,idi,-1.1834827576759614,0.4621833186137945,3.2449162737413837,0.0477323548949244,-0.6832864873900676,0.11959362363231192,-0.5460587369032711,1.1535817752955162,med,721961.7600000001
204,1.7236222864675912,-1,volvo,gas,turbo,four,sedan,rwd,front,1.7218733627489047,1.198548711239467,1.3982447235557949,0.7282387649511761,0.975020532093723,ohc,four,0.3392475467812553,mpfi,1.6664448288862161,-0.336969686749123,-0.16216086759032092,0.2505330337230999,0.5776923265480921,-0.9530116883199847,-0.8371953846670438,1.1730313071030922,med,721961.7600000001
